"Symbol","Series","Date","Prev Close","Open Price","High Price","Low Price","Last Price","Close Price","Average Price","Total Traded Quantity","Turnover","No. of Trades","Deliverable Qty","% Dly Qt to Traded Qty"
"HDFCBANK","EQ","01-Nov-2019","       1230.35","       1239.00","       1243.75","       1227.60","       1243.00","       1240.05","       1235.87","    5756130","          7113824716.75","     144831","    3699600","         64.27"
"HDFCBANK","EQ","04-Nov-2019","       1240.05","       1246.45","       1250.00","       1229.05","       1237.95","       1236.85","       1239.18","    4967588","          6155741415.20","     160851","    2736666","         55.09"
"HDFCBANK","EQ","05-Nov-2019","       1236.85","       1241.00","       1244.80","       1229.05","       1240.00","       1239.50","       1236.72","    6183905","          7647753429.00","     116040","    4013870","         64.91"
"HDFCBANK","EQ","06-Nov-2019","       1239.50","       1242.45","       1259.00","       1228.05","       1256.50","       1256.65","       1243.91","    6065168","          7544516054.50","     106886","    3530632","         58.21"
"HDFCBANK","EQ","07-Nov-2019","       1256.65","       1261.00","       1269.70","       1250.00","       1262.05","       1263.70","       1260.30","    8481517","         10689227499.00","     158059","    5309958","         62.61"
"HDFCBANK","EQ","08-Nov-2019","       1263.70","       1259.00","       1267.00","       1251.45","       1254.85","       1255.60","       1258.28","    6625748","          8337070329.90","     123060","    4276184","         64.54"
"HDFCBANK","EQ","11-Nov-2019","       1255.60","       1252.55","       1268.50","       1250.50","       1265.30","       1264.75","       1260.58","    7143305","          9004703936.15","      87967","    5175501","         72.45"
"HDFCBANK","EQ","13-Nov-2019","       1264.75","       1261.95","       1270.00","       1253.60","       1258.00","       1257.55","       1260.90","    4646748","          5859068447.60","     123817","    2809517","         60.46"
"HDFCBANK","EQ","14-Nov-2019","       1257.55","       1263.80","       1277.00","       1257.20","       1275.00","       1273.90","       1267.09","    5527609","          7003995795.10","     124827","    2793186","         50.53"
"HDFCBANK","EQ","15-Nov-2019","       1273.90","       1283.85","       1285.00","       1271.10","       1279.75","       1277.90","       1279.78","    4639506","          5937530374.55","     116607","    2357045","         50.80"
"HDFCBANK","EQ","18-Nov-2019","       1277.90","       1277.00","       1279.45","       1258.70","       1262.65","       1262.05","       1264.60","    4565146","          5773101976.90","     143584","    2914231","         63.84"
"HDFCBANK","EQ","19-Nov-2019","       1262.05","       1265.30","       1275.00","       1261.10","       1274.75","       1271.90","       1269.59","    5285289","          6710158704.45","     130282","    3543343","         67.04"
"HDFCBANK","EQ","20-Nov-2019","       1271.90","       1273.00","       1282.95","       1267.00","       1275.00","       1273.35","       1274.00","    5527129","          7041572649.20","     109397","    3707282","         67.07"
"HDFCBANK","EQ","21-Nov-2019","       1273.35","       1270.25","       1287.00","       1268.35","       1281.95","       1283.35","       1279.30","    6009763","          7688314981.00","     128228","    3782409","         62.94"
"HDFCBANK","EQ","22-Nov-2019","       1283.35","       1283.65","       1283.65","       1262.00","       1266.50","       1264.75","       1269.56","    3844005","          4880191775.15","     101153","    2523967","         65.66"
"HDFCBANK","EQ","25-Nov-2019","       1264.75","       1264.15","       1279.50","       1264.15","       1272.90","       1271.10","       1272.73","    3946778","          5023175474.65","     112947","    2229882","         56.50"
"HDFCBANK","EQ","26-Nov-2019","       1271.10","       1278.45","       1279.75","       1266.95","       1276.00","       1275.05","       1273.47","    4358001","          5549764593.35","     162619","    2724001","         62.51"
"HDFCBANK","EQ","27-Nov-2019","       1275.05","       1276.00","       1285.75","       1271.20","       1278.60","       1278.40","       1277.74","    4790333","          6120781425.40","     123094","    3146643","         65.69"
"HDFCBANK","EQ","28-Nov-2019","       1278.40","       1280.20","       1283.05","       1262.00","       1267.75","       1265.30","       1269.05","    6183020","          7846573348.95","     126121","    3861436","         62.45"
"HDFCBANK","EQ","29-Nov-2019","       1265.30","       1267.70","       1279.90","       1252.00","       1275.00","       1274.95","       1267.91","    7783813","          9869209147.60","     179493","    4492258","         57.71"
"HDFCBANK","EQ","02-Dec-2019","       1274.95","       1273.95","       1273.95","       1258.60","       1262.55","       1265.75","       1265.00","    4473102","          5658467295.00","     140206","    2821604","         63.08"
"HDFCBANK","EQ","03-Dec-2019","       1265.75","       1268.20","       1269.00","       1253.80","       1255.10","       1255.40","       1257.55","    3495953","          4396324269.00","     145022","    2455214","         70.23"
"HDFCBANK","EQ","04-Dec-2019","       1255.40","       1252.50","       1256.90","       1234.20","       1251.65","       1251.65","       1244.89","    5697807","          7093157131.20","     160001","    3431195","         60.22"
"HDFCBANK","EQ","05-Dec-2019","       1251.65","       1255.60","       1258.75","       1240.75","       1244.90","       1245.60","       1249.82","    6386247","          7981674760.30","     135982","    2989674","         46.81"
"HDFCBANK","EQ","06-Dec-2019","       1245.60","       1248.95","       1260.00","       1238.20","       1245.40","       1246.05","       1250.90","    6887325","          8615373629.10","     148575","    4626402","         67.17"
"HDFCBANK","EQ","09-Dec-2019","       1246.05","       1249.50","       1249.85","       1237.55","       1243.50","       1242.95","       1242.41","    4132675","          5134473126.30","      91238","    2690691","         65.11"
"HDFCBANK","EQ","10-Dec-2019","       1242.95","       1251.00","       1253.65","       1245.10","       1250.10","       1249.50","       1249.14","    4894450","          6113859550.55","     137774","    3433356","         70.15"
"HDFCBANK","EQ","11-Dec-2019","       1249.50","       1250.10","       1254.00","       1242.50","       1250.55","       1248.75","       1248.04","    5527321","          6898336218.40","     160384","    4132402","         74.76"
"HDFCBANK","EQ","12-Dec-2019","       1248.75","       1253.00","       1269.45","       1253.00","       1265.80","       1263.60","       1261.92","    6456574","          8147695875.65","     142217","    4174002","         64.65"
"HDFCBANK","EQ","13-Dec-2019","       1263.60","       1265.00","       1272.35","       1259.25","       1263.10","       1263.85","       1266.95","    5887593","          7459262686.80","     104179","    4094699","         69.55"
"HDFCBANK","EQ","16-Dec-2019","       1263.85","       1269.25","       1270.00","       1248.20","       1258.70","       1257.35","       1256.17","    5663788","          7114678289.85","     246978","    3778135","         66.71"
"HDFCBANK","EQ","17-Dec-2019","       1257.35","       1260.00","       1274.80","       1255.35","       1271.75","       1271.10","       1267.95","    6213677","          7878637927.25","     169567","    4315153","         69.45"
"HDFCBANK","EQ","18-Dec-2019","       1271.10","       1283.00","       1299.00","       1273.65","       1292.70","       1292.35","       1287.03","    8723586","         11227488009.50","     201690","    5314964","         60.93"
"HDFCBANK","EQ","19-Dec-2019","       1292.35","       1305.00","       1305.50","       1286.10","       1288.50","       1288.80","       1296.05","    6509188","          8436211795.40","     151485","    3523544","         54.13"
"HDFCBANK","EQ","20-Dec-2019","       1288.80","       1288.75","       1299.60","       1280.05","       1296.45","       1296.70","       1292.36","    7513022","          9709492966.65","     141458","    5167224","         68.78"
"HDFCBANK","EQ","23-Dec-2019","       1296.70","       1299.00","       1304.00","       1288.80","       1301.50","       1302.40","       1298.01","    5097891","          6617101355.25","     126370","    3173217","         62.25"
"HDFCBANK","EQ","24-Dec-2019","       1302.40","       1298.60","       1301.10","       1286.95","       1290.00","       1289.15","       1293.83","    3589604","          4644339997.80","      91053","    2207659","         61.50"
"HDFCBANK","EQ","26-Dec-2019","       1289.15","       1289.70","       1291.85","       1264.65","       1269.85","       1270.45","       1274.91","    7474879","          9529779205.65","     126918","    4019243","         53.77"
"HDFCBANK","EQ","27-Dec-2019","       1270.45","       1272.00","       1279.00","       1270.00","       1275.75","       1275.00","       1275.30","    3546496","          4522859102.10","     104711","    2510820","         70.80"
"HDFCBANK","EQ","30-Dec-2019","       1275.00","       1282.00","       1288.75","       1274.05","       1284.90","       1282.15","       1282.10","    4667095","          5983704059.55","     116012","    2945151","         63.10"
"HDFCBANK","EQ","31-Dec-2019","       1282.15","       1281.95","       1281.95","       1268.65","       1275.50","       1272.10","       1272.87","    4178528","          5318720963.95","     127264","    2666838","         63.82"
"HDFCBANK","EQ","01-Jan-2020","       1272.10","       1276.10","       1280.00","       1270.60","       1279.00","       1278.60","       1276.64","    1836849","          2345000988.70","      46625","     809152","         44.05"
"HDFCBANK","EQ","02-Jan-2020","       1278.60","       1279.00","       1288.00","       1279.00","       1286.00","       1286.75","       1284.56","    3068583","          3941791536.35","     104570","    1957617","         63.80"
"HDFCBANK","EQ","03-Jan-2020","       1286.75","       1282.20","       1285.00","       1263.60","       1268.50","       1268.40","       1270.48","    5427775","          6895885753.85","     157066","    3459267","         63.73"
"HDFCBANK","EQ","06-Jan-2020","       1268.40","       1260.00","       1261.80","       1236.00","       1240.25","       1240.95","       1247.24","    5445093","          6791347831.05","     155007","    3647637","         66.99"
"HDFCBANK","EQ","07-Jan-2020","       1240.95","       1258.90","       1271.45","       1252.25","       1261.00","       1260.60","       1261.48","    7362247","          9287301543.65","     189026","    3790730","         51.49"
"HDFCBANK","EQ","08-Jan-2020","       1260.60","       1246.95","       1262.15","       1240.05","       1256.00","       1257.30","       1253.71","    5666055","          7103612130.00","     141795","    3549321","         62.64"
"HDFCBANK","EQ","09-Jan-2020","       1257.30","       1265.00","       1275.80","       1263.10","       1271.80","       1271.40","       1271.27","    4773158","          6067965129.35","     125829","    2650051","         55.52"
"HDFCBANK","EQ","10-Jan-2020","       1271.40","       1284.10","       1286.90","       1275.10","       1281.00","       1282.70","       1282.11","    4607290","          5907037339.20","     123583","    2857227","         62.02"
"HDFCBANK","EQ","13-Jan-2020","       1282.70","       1282.70","       1296.50","       1276.00","       1287.00","       1286.00","       1289.33","    3725784","          4803755674.70","     107121","    2215612","         59.47"
"HDFCBANK","EQ","14-Jan-2020","       1286.00","       1289.00","       1292.55","       1277.50","       1288.00","       1289.50","       1284.81","    3943145","          5066203793.15","      91722","    2573348","         65.26"
"HDFCBANK","EQ","15-Jan-2020","       1289.50","       1286.40","       1287.95","       1274.10","       1285.05","       1284.25","       1280.62","    5893724","          7547649403.30","     105548","    3970136","         67.36"
"HDFCBANK","EQ","16-Jan-2020","       1284.25","       1282.05","       1291.00","       1279.35","       1287.50","       1287.65","       1285.32","    3575200","          4595266982.80","      93131","    2251808","         62.98"
"HDFCBANK","EQ","17-Jan-2020","       1287.65","       1281.75","       1284.90","       1271.90","       1277.40","       1278.15","       1277.38","    8459407","         10805901963.60","     136379","    6692529","         79.11"
"HDFCBANK","EQ","20-Jan-2020","       1278.15","       1304.85","       1304.85","       1252.50","       1257.35","       1254.90","       1265.00","   11089225","         14027827939.05","     245672","    5796841","         52.27"
"HDFCBANK","EQ","21-Jan-2020","       1254.90","       1250.00","       1250.00","       1238.40","       1244.90","       1244.35","       1244.14","    7492402","          9321621104.55","     216589","    4587266","         61.23"
"HDFCBANK","EQ","22-Jan-2020","       1244.35","       1248.05","       1255.00","       1234.40","       1241.85","       1240.85","       1243.37","    9184155","         11419277034.85","     146555","    6562205","         71.45"
"HDFCBANK","EQ","23-Jan-2020","       1240.85","       1240.00","       1246.85","       1231.00","       1245.35","       1244.85","       1240.93","    5754460","          7140906437.50","     176401","    3535947","         61.45"
"HDFCBANK","EQ","24-Jan-2020","       1244.85","       1246.00","       1254.00","       1239.10","       1245.80","       1244.55","       1247.28","    5915878","          7378771197.30","     138884","    3935384","         66.52"
"HDFCBANK","EQ","27-Jan-2020","       1244.55","       1235.00","       1235.00","       1211.75","       1213.50","       1213.20","       1220.97","    9444276","         11531192819.45","     268331","    6145074","         65.07"
"HDFCBANK","EQ","28-Jan-2020","       1213.20","       1218.80","       1227.80","       1213.25","       1223.10","       1223.20","       1221.37","    6706079","          8190599143.00","     219199","    3712912","         55.37"
"HDFCBANK","EQ","29-Jan-2020","       1223.20","       1225.30","       1242.00","       1222.25","       1235.80","       1235.85","       1235.01","    6894175","          8514372123.25","     155174","    4588335","         66.55"
"HDFCBANK","EQ","30-Jan-2020","       1235.85","       1238.95","       1238.95","       1217.20","       1227.90","       1226.05","       1224.75","    6055992","          7417090655.15","     195593","    3937675","         65.02"
"HDFCBANK","EQ","31-Jan-2020","       1226.05","       1231.45","       1237.80","       1220.25","       1224.25","       1226.30","       1230.24","    5589134","          6876000868.35","     169641","    3563738","         63.76"
"HDFCBANK","EQ","01-Feb-2020","       1226.30","       1220.00","       1227.70","       1191.35","       1192.50","       1198.70","       1210.20","    4913643","          5946467662.40","     132683","    2536143","         51.61"
"HDFCBANK","EQ","03-Feb-2020","       1198.70","       1197.00","       1197.95","       1177.70","       1194.00","       1192.80","       1188.67","    6538505","          7772096364.25","     251382","    4024345","         61.55"
"HDFCBANK","EQ","04-Feb-2020","       1192.80","       1198.00","       1234.00","       1198.00","       1229.00","       1229.80","       1222.00","   10448852","         12768529290.90","     173447","    6900844","         66.04"
"HDFCBANK","EQ","05-Feb-2020","       1229.80","       1234.90","       1248.00","       1227.30","       1246.00","       1244.65","       1237.42","    9010341","         11149564568.10","     150882","    6955471","         77.19"
"HDFCBANK","EQ","06-Feb-2020","       1244.65","       1244.65","       1248.70","       1237.20","       1239.95","       1239.80","       1242.01","    5913775","          7344982424.55","     126190","    3640808","         61.56"
"HDFCBANK","EQ","07-Feb-2020","       1239.80","       1246.00","       1247.00","       1231.60","       1240.00","       1242.20","       1238.21","    3407724","          4219486810.85","      81299","    2193596","         64.37"
"HDFCBANK","EQ","10-Feb-2020","       1242.20","       1242.95","       1242.95","       1226.05","       1240.95","       1240.30","       1235.68","    4609917","          5696388107.65","     105140","    3208623","         69.60"
"HDFCBANK","EQ","11-Feb-2020","       1240.30","       1243.30","       1255.00","       1238.05","       1239.90","       1240.60","       1246.80","    5806760","          7239873153.45","      98063","    3770138","         64.93"
"HDFCBANK","EQ","12-Feb-2020","       1240.60","       1245.20","       1252.90","       1244.05","       1249.00","       1249.00","       1249.42","    3148965","          3934383166.55","      87413","    2114375","         67.15"
"HDFCBANK","EQ","13-Feb-2020","       1249.00","       1259.90","       1259.90","       1233.60","       1239.50","       1241.40","       1241.95","    4556070","          5658432160.20","      97099","    2850913","         62.57"
"HDFCBANK","EQ","14-Feb-2020","       1241.40","       1243.20","       1248.40","       1215.00","       1219.45","       1219.35","       1227.78","    7344429","          9017358547.30","     167779","    4783189","         65.13"
"HDFCBANK","EQ","17-Feb-2020","       1219.35","       1225.00","       1233.00","       1214.45","       1218.00","       1217.15","       1221.46","    5076345","          6200535024.85","     157333","    3075780","         60.59"
"HDFCBANK","EQ","18-Feb-2020","       1217.15","       1216.90","       1218.50","       1203.50","       1217.05","       1213.25","       1209.57","    5264558","          6367872772.45","     119172","    3704300","         70.36"
"HDFCBANK","EQ","19-Feb-2020","       1213.25","       1222.50","       1230.00","       1213.90","       1227.20","       1227.20","       1221.68","    5006134","          6115909249.10","     101692","    3444477","         68.81"
"HDFCBANK","EQ","20-Feb-2020","       1227.20","       1230.00","       1230.00","       1214.10","       1217.00","       1217.10","       1221.38","    5561707","          6792970359.70","     146273","    3240543","         58.27"
"HDFCBANK","EQ","24-Feb-2020","       1217.10","       1208.95","       1214.75","       1200.00","       1210.25","       1209.95","       1205.66","    8284042","          9987753564.30","     199969","    6242053","         75.35"
"HDFCBANK","EQ","25-Feb-2020","       1209.95","       1204.00","       1209.00","       1198.00","       1201.80","       1200.30","       1201.07","    6943340","          8339458217.80","     193249","    5185085","         74.68"
"HDFCBANK","EQ","26-Feb-2020","       1200.30","       1197.50","       1204.70","       1185.65","       1201.10","       1199.25","       1195.09","    6907393","          8254956318.75","     191519","    4691104","         67.91"
"HDFCBANK","EQ","27-Feb-2020","       1199.25","       1195.00","       1202.50","       1181.00","       1199.65","       1199.45","       1191.25","   10327549","         12302665880.20","     241038","    6138007","         59.43"
"HDFCBANK","EQ","28-Feb-2020","       1199.45","       1175.50","       1185.00","       1170.10","       1178.80","       1177.65","       1176.25","   12156528","         14299167014.40","     276737","    8662385","         71.26"
"HDFCBANK","EQ","02-Mar-2020","       1177.65","       1200.20","       1201.15","       1166.15","       1185.00","       1179.60","       1184.61","    7332449","          8686077365.55","     197905","    4540186","         61.92"
"HDFCBANK","EQ","03-Mar-2020","       1179.60","       1175.00","       1185.35","       1168.00","       1182.50","       1181.80","       1178.14","   11184775","         13177181997.65","     233028","    7497411","         67.03"
"HDFCBANK","EQ","04-Mar-2020","       1181.80","       1178.35","       1180.00","       1133.10","       1149.15","       1148.85","       1152.73","   17144435","         19762846784.70","     503032","   11834147","         69.03"
"HDFCBANK","EQ","05-Mar-2020","       1148.85","       1153.00","       1165.00","       1142.75","       1149.00","       1151.35","       1155.77","    9774854","         11297450389.35","     262470","    5681138","         58.12"
"HDFCBANK","EQ","06-Mar-2020","       1151.35","       1125.00","       1140.90","       1101.00","       1134.00","       1134.90","       1124.34","   11526783","         12959999027.40","     272373","    6744175","         58.51"
"HDFCBANK","EQ","09-Mar-2020","       1134.90","       1110.00","       1118.40","       1065.00","       1112.00","       1107.30","       1094.80","   17210297","         18841871874.25","     427518","   11111864","         64.57"
"HDFCBANK","EQ","11-Mar-2020","       1107.30","       1105.00","       1120.00","       1092.00","       1110.00","       1113.80","       1105.77","   17769198","         19648640086.25","     344285","   12492811","         70.31"
"HDFCBANK","EQ","12-Mar-2020","       1113.80","       1075.00","       1080.00","       1003.45","       1032.00","       1021.30","       1036.26","   29500406","         30570004192.95","     503472","   18695622","         63.37"
"HDFCBANK","EQ","13-Mar-2020","       1021.30","        980.05","       1081.45","        919.20","       1074.00","       1069.80","       1018.30","   33171603","         33778614285.40","     541649","   18672328","         56.29"
"HDFCBANK","EQ","16-Mar-2020","       1069.80","       1035.00","       1037.00","        995.00","       1001.25","        999.50","       1013.09","   15993174","         16202484604.30","     430742","    9357160","         58.51"
"HDFCBANK","EQ","17-Mar-2020","        999.50","       1008.00","       1010.00","        954.70","        976.20","        975.10","        982.62","   21338641","         20967841371.15","     447922","   11352389","         53.20"
"HDFCBANK","EQ","18-Mar-2020","        975.10","        985.00","        993.00","        865.00","        898.50","        876.90","        916.25","   30593809","         28031432118.60","     652391","   18513396","         60.51"
"HDFCBANK","EQ","19-Mar-2020","        876.90","        847.00","        919.95","        795.00","        904.60","        895.55","        857.03","   33610239","         28805078999.25","     632617","   16243587","         48.33"
"HDFCBANK","EQ","20-Mar-2020","        895.55","        875.00","        914.60","        824.55","        881.25","        882.85","        868.05","   44319015","         38471082495.00","     790631","   18885164","         42.61"
"HDFCBANK","EQ","23-Mar-2020","        882.85","        794.60","        838.75","        765.00","        778.90","        771.55","        784.50","   25142273","         19724138348.90","     590210","   15218583","         60.53"
"HDFCBANK","EQ","24-Mar-2020","        771.55","        795.25","        810.00","        738.75","        774.80","        767.70","        775.82","   30528676","         23684712047.25","     634897","   15424639","         50.53"
"HDFCBANK","EQ","25-Mar-2020","        767.70","        770.45","        867.45","        755.25","        863.00","        856.75","        803.92","   23614449","         18984055133.70","     608039","   10925368","         46.27"
"HDFCBANK","EQ","26-Mar-2020","        856.75","        870.10","        937.70","        841.00","        898.00","        901.10","        898.62","   28521681","         25630140172.80","     627160","   12010671","         42.11"
"HDFCBANK","EQ","27-Mar-2020","        901.10","        944.95","        988.65","        872.10","        900.00","        904.45","        923.14","   27619436","         25496667368.35","     651440","    9442614","         34.19"
"HDFCBANK","BL","30-Mar-2020","       1253.80","        901.00","        901.00","        901.00","        901.00","        901.00","        901.00","    3107852","          2800174652.00","          1","-","-"
"HDFCBANK","EQ","30-Mar-2020","        904.45","        880.00","        887.00","        828.00","        831.00","        831.65","        858.48","   19634313","         16855655095.40","     491743","    9022080","         45.95"
"HDFCBANK","EQ","31-Mar-2020","        831.65","        853.80","        873.60","        838.00","        857.95","        861.90","        854.73","   17605997","         15048445041.15","     411360","    8065907","         45.81"
"HDFCBANK","EQ","01-Apr-2020","        861.90","        863.85","        863.85","        820.00","        829.55","        829.65","        831.99","   14551758","         12106933301.25","     354947","    5957515","         40.94"
"HDFCBANK","EQ","03-Apr-2020","        829.65","        843.00","        844.00","        810.00","        811.00","        813.85","        825.26","   17499063","         14441317976.20","     392455","    8690196","         49.66"
"HDFCBANK","EQ","07-Apr-2020","        813.85","        874.00","        907.30","        845.35","        895.80","        896.10","        871.57","   30206626","         26327315325.80","     475198","   17083041","         56.55"
"HDFCBANK","EQ","08-Apr-2020","        896.10","        879.95","        945.00","        866.10","        888.70","        888.90","        902.09","   28109877","         25357609084.60","     503019","   11952742","         42.52"
"HDFCBANK","EQ","09-Apr-2020","        888.90","        913.00","        930.90","        890.00","        922.10","        925.05","        913.38","   22229012","         20303462865.40","     417910","    7759278","         34.91"
"HDFCBANK","EQ","13-Apr-2020","        925.05","        934.00","        946.70","        886.20","        897.80","        895.35","        907.82","   17079259","         15504828498.50","     389148","    6261962","         36.66"
"HDFCBANK","EQ","15-Apr-2020","        895.35","        930.50","        930.50","        843.00","        865.15","        863.30","        885.42","   28989523","         25667931187.70","     517354","   13261188","         45.74"
"HDFCBANK","EQ","16-Apr-2020","        863.30","        865.00","        890.70","        856.25","        884.25","        879.75","        870.76","   26927231","         23447030480.50","     467724","   12899088","         47.90"
"HDFCBANK","EQ","17-Apr-2020","        879.75","        915.00","        920.00","        887.25","        915.10","        910.30","        906.63","   27941831","         25333029144.80","     453652","   13482185","         48.25"
"HDFCBANK","EQ","20-Apr-2020","        910.30","        951.00","        960.95","        935.00","        943.30","        944.85","        945.70","   33116614","         31318495817.80","     555965","   13530602","         40.86"
"HDFCBANK","EQ","21-Apr-2020","        944.85","        925.00","        934.00","        908.00","        919.15","        921.65","        922.24","   16589148","         15299196199.55","     291815","    7314644","         44.09"
"HDFCBANK","EQ","22-Apr-2020","        921.65","        919.15","        933.00","        907.30","        929.75","        928.60","        920.24","   19144678","         17617671415.90","     258479","   10177427","         53.16"
"HDFCBANK","EQ","23-Apr-2020","        928.60","        935.00","        958.50","        912.55","        952.10","        954.95","        939.81","   20450895","         19219911302.15","     424855","    9826569","         48.05"
"HDFCBANK","EQ","24-Apr-2020","        954.95","        933.00","        958.40","        926.00","        937.00","        938.05","        938.02","   16642831","         15611268244.20","     293787","    8000341","         48.07"
"HDFCBANK","EQ","27-Apr-2020","        938.05","        945.15","        957.40","        926.30","        929.95","        929.70","        941.28","   13710727","         12905669876.50","     266336","    6056487","         44.17"
"HDFCBANK","EQ","28-Apr-2020","        929.70","        943.80","        943.80","        922.00","        933.30","        931.40","        930.50","   14720773","         13697606349.35","     239400","    6302095","         42.81"
"HDFCBANK","EQ","29-Apr-2020","        931.40","        935.00","        992.70","        934.10","        970.05","        977.10","        964.08","   27939019","         26935417994.95","     450180","   10960329","         39.23"
"HDFCBANK","EQ","30-Apr-2020","        977.10","       1001.40","       1019.00","        992.10","       1000.00","       1001.80","       1006.05","   21897643","         22030130436.10","     451072","    8534959","         38.98"
"HDFCBANK","EQ","04-May-2020","       1001.80","        957.50","        960.00","        917.50","        924.90","        923.00","        932.42","   13361177","         12458166946.10","     383166","    6246738","         46.75"
"HDFCBANK","EQ","05-May-2020","        923.00","        938.00","        944.00","        908.05","        914.50","        911.45","        928.05","   14837190","         13769583591.90","     298424","    4848835","         32.68"
"HDFCBANK","EQ","06-May-2020","        911.45","        919.00","        950.00","        905.65","        946.55","        946.40","        936.39","   16893140","         15818501983.40","     310813","    4169602","         24.68"
"HDFCBANK","EQ","07-May-2020","        946.40","        940.50","        943.30","        921.35","        927.30","        925.00","        930.31","   10916003","         10155309605.55","     226640","    3399155","         31.14"
"HDFCBANK","EQ","08-May-2020","        925.00","        942.00","        943.95","        925.20","        930.00","        929.05","        932.46","   10403747","          9701068994.85","     176643","    3723731","         35.79"
"HDFCBANK","EQ","11-May-2020","        929.05","        937.00","        954.00","        914.00","        915.90","        915.80","        934.32","   14275392","         13337759315.60","     316129","    5926950","         41.52"
"HDFCBANK","EQ","12-May-2020","        915.80","        901.00","        909.40","        871.10","        902.50","        901.55","        888.33","   24784324","         22016571132.50","     516512","    9460568","         38.17"
"HDFCBANK","EQ","13-May-2020","        901.55","        951.00","        960.00","        922.10","        928.95","        927.65","        938.46","   22173554","         20809009862.75","     396148","    9094925","         41.02"
"HDFCBANK","EQ","14-May-2020","        927.65","        898.00","        911.00","        890.00","        893.85","        893.70","        899.79","   19777445","         17795529260.15","     364023","    8394283","         42.44"
"HDFCBANK","EQ","15-May-2020","        893.70","        890.50","        892.40","        875.00","        888.00","        888.15","        885.00","   12174870","         10774797134.75","     280499","    4280446","         35.16"
"HDFCBANK","EQ","18-May-2020","        888.15","        888.00","        888.00","        831.30","        838.00","        836.65","        847.83","   23326656","         19776954026.30","     533951","   10660724","         45.70"
"HDFCBANK","EQ","19-May-2020","        836.65","        860.85","        867.30","        826.10","        832.85","        830.65","        846.32","   23730561","         20083766361.00","     415550","    8905443","         37.53"
"HDFCBANK","EQ","20-May-2020","        830.65","        836.45","        864.00","        832.20","        863.50","        857.10","        844.42","   20007413","         16894738592.95","     359835","    8748975","         43.73"
"HDFCBANK","EQ","21-May-2020","        857.10","        861.45","        884.00","        852.30","        860.40","        859.55","        870.64","   24239683","         21104074910.85","     416994","   10837256","         44.71"
"HDFCBANK","EQ","22-May-2020","        859.55","        850.00","        870.30","        833.05","        842.65","        838.85","        844.52","   21025849","         17756809302.45","     382888","    5893652","         28.03"
"HDFCBANK","EQ","26-May-2020","        838.85","        857.00","        871.75","        848.75","        858.00","        852.40","        860.62","   19002589","         16354024458.40","     303415","    7852814","         41.32"
"HDFCBANK","EQ","27-May-2020","        852.40","        859.90","        909.80","        857.15","        901.40","        903.65","        881.85","   28013227","         24703584077.90","     388895","   11070917","         39.52"
"HDFCBANK","EQ","28-May-2020","        903.65","        920.00","        950.00","        913.95","        947.50","        945.25","        938.36","   37744926","         35418447868.85","     631552","   15665889","         41.50"
"HDFCBANK","EQ","29-May-2020","        945.25","        944.00","        955.00","        923.45","        947.10","        951.65","        937.44","   26512600","         24853972529.55","     352639","   10530145","         39.72"
"HDFCBANK","EQ","01-Jun-2020","        951.65","        975.00","        995.00","        966.10","        984.05","        987.65","        987.51","   19595373","         19350540625.65","     294542","    6299582","         32.15"
"HDFCBANK","EQ","02-Jun-2020","        987.65","        986.70","       1005.00","        975.20","       1005.00","       1001.00","        993.25","   20811909","         20671440824.50","     312508","    6647318","         31.94"
"HDFCBANK","EQ","03-Jun-2020","       1001.00","       1020.00","       1046.25","       1015.45","       1023.00","       1022.25","       1029.96","   25273067","         26030319863.80","     336920","   10366214","         41.02"
"HDFCBANK","EQ","04-Jun-2020","       1022.25","       1028.05","       1038.95","        991.10","        995.00","       1001.70","       1015.67","   27139478","         27564675122.50","     406454","    9199898","         33.90"
"HDFCBANK","EQ","05-Jun-2020","       1001.70","       1003.10","       1042.40","       1002.80","       1039.05","       1033.35","       1022.13","   17598103","         17987626065.25","     281754","    4654447","         26.45"
"HDFCBANK","EQ","08-Jun-2020","       1033.35","       1060.00","       1066.65","       1006.40","       1016.80","       1015.90","       1031.68","   24906362","         25695464731.70","     388541","    7761480","         31.16"
"HDFCBANK","EQ","09-Jun-2020","       1015.90","       1020.00","       1026.75","        979.55","        984.45","        987.30","       1004.50","   30922894","         31062063304.35","     417245","   13311975","         43.05"
"HDFCBANK","EQ","10-Jun-2020","        987.30","        990.00","        999.85","        978.20","        993.00","        991.85","        989.98","   18248880","         18066101468.50","     263364","    5264844","         28.85"
"HDFCBANK","EQ","11-Jun-2020","        991.85","        985.00","        988.40","        965.00","        969.30","        968.60","        976.14","   15449142","         15080485300.95","     290542","    4276390","         27.68"
"HDFCBANK","EQ","12-Jun-2020","        968.60","        928.00","        986.65","        928.00","        977.10","        982.75","        959.62","   21322880","         20461954341.05","     329375","    5245483","         24.60"
"HDFCBANK","EQ","15-Jun-2020","        982.75","        968.00","        974.00","        943.00","        951.75","        949.85","        954.63","   16004973","         15278832372.60","     261144","    5060470","         31.62"
"HDFCBANK","EQ","16-Jun-2020","        949.85","        975.00","        993.95","        952.00","        989.15","        990.40","        978.56","   22700113","         22213351845.00","     318791","    6682870","         29.44"
"HDFCBANK","EQ","17-Jun-2020","        990.40","        989.00","        998.90","        973.25","        978.65","        979.25","        985.61","   18479504","         18213663531.15","     263560","    3422973","         18.52"
"HDFCBANK","EQ","18-Jun-2020","        979.25","        980.00","       1024.90","        972.00","       1017.60","       1019.95","        998.66","   20435469","         20408019924.10","     283491","    4678708","         22.90"
"HDFCBANK","EQ","19-Jun-2020","       1019.95","       1017.95","       1043.00","       1012.15","       1032.95","       1033.35","       1029.14","   23939324","         24637000247.75","     330341","    7701114","         32.17"
"HDFCBANK","EQ","22-Jun-2020","       1033.35","       1039.45","       1045.95","       1023.80","       1029.00","       1028.75","       1038.22","   14847321","         15414841315.40","     295528","    5244303","         35.32"
"HDFCBANK","EQ","23-Jun-2020","       1028.75","       1039.00","       1045.00","       1016.55","       1045.00","       1042.30","       1031.23","   14415640","         14865898484.45","     231379","    2430246","         43.77"
"HDFCBANK","EQ","24-Jun-2020","       1042.30","       1048.50","       1057.50","       1030.05","       1031.95","       1032.50","       1043.88","   19714664","         20579739217.60","     356432","    9101038","         46.16"
"HDFCBANK","EQ","25-Jun-2020","       1032.50","       1021.90","       1049.00","       1007.00","       1035.00","       1028.75","       1026.56","   35323457","         36261515753.10","     361881","   16081355","         45.53"
"HDFCBANK","EQ","26-Jun-2020","       1028.75","       1041.00","       1063.00","       1028.00","       1058.50","       1056.45","       1041.81","   19986677","         20822382331.40","     346461","    9752080","         48.79"
"HDFCBANK","EQ","29-Jun-2020","       1056.45","       1037.00","       1082.60","       1037.00","       1075.50","       1076.05","       1058.38","   23003725","         24346771790.20","     361163","    9905945","         43.06"
"HDFCBANK","EQ","30-Jun-2020","       1076.05","       1074.00","       1078.55","       1056.30","       1066.45","       1065.85","       1068.09","   17873316","         19090256874.05","     282325","    7881793","         44.10"
"HDFCBANK","EQ","01-Jul-2020","       1065.85","       1065.85","       1096.00","       1061.30","       1079.50","       1084.60","       1083.32","   17423378","         18875108749.35","     231200","    5258903","         30.18"
"HDFCBANK","EQ","02-Jul-2020","       1084.60","       1090.30","       1111.25","       1085.20","       1091.50","       1089.40","       1098.30","   18477248","         20293649222.35","     268683","    5983962","         32.39"
"HDFCBANK","EQ","03-Jul-2020","       1089.40","       1093.00","       1095.80","       1070.00","       1075.50","       1073.95","       1079.30","   13798879","         14893162920.85","     227183","    5292799","         38.36"
"HDFCBANK","EQ","06-Jul-2020","       1073.95","       1107.95","       1119.90","       1100.00","       1102.45","       1103.00","       1109.16","   17779243","         19720041008.30","     288861","    4833544","         27.19"
"HDFCBANK","EQ","07-Jul-2020","       1103.00","       1109.40","       1111.70","       1093.05","       1104.00","       1105.15","       1101.79","   12175425","         13414749481.80","     191000","    4042030","         33.20"
"HDFCBANK","EQ","08-Jul-2020","       1105.15","       1107.00","       1124.90","       1105.00","       1110.30","       1110.35","       1115.55","   15028412","         16765006215.95","     221878","    5513315","         36.69"
"HDFCBANK","EQ","09-Jul-2020","       1110.35","       1118.00","       1129.70","       1107.25","       1127.00","       1124.95","       1121.08","   10057717","         11275520678.55","     143088","    3264951","         32.46"
"HDFCBANK","EQ","10-Jul-2020","       1124.95","       1117.90","       1120.00","       1099.55","       1106.65","       1105.10","       1108.80","    8781604","          9737028635.05","     161321","    2834396","         32.28"
"HDFCBANK","EQ","13-Jul-2020","       1105.10","       1109.90","       1113.00","       1071.30","       1083.55","       1080.25","       1086.03","   14961695","         16248881581.40","     265343","    6602916","         44.13"
"HDFCBANK","EQ","14-Jul-2020","       1080.25","       1062.60","       1068.90","       1050.00","       1061.45","       1058.85","       1057.27","   13306511","         14068551633.70","     296972","    5053772","         37.98"
"HDFCBANK","EQ","15-Jul-2020","       1058.85","       1070.20","       1079.00","       1050.10","       1054.75","       1053.15","       1066.96","   10487246","         11189519775.55","     177552","    2863921","         27.31"
"HDFCBANK","EQ","16-Jul-2020","       1053.15","       1053.65","       1065.50","       1034.10","       1059.15","       1062.55","       1048.11","   11831256","         12400487286.25","     204641","    3383165","         28.60"
"HDFCBANK","EQ","17-Jul-2020","       1062.55","       1059.05","       1104.00","       1058.30","       1103.35","       1098.45","       1080.41","   14202933","         15345022436.10","     217615","    5625701","         39.61"
"HDFCBANK","EQ","20-Jul-2020","       1098.45","       1135.00","       1152.90","       1124.15","       1130.00","       1133.05","       1138.35","   32562064","         37067090452.55","     505889","   11904108","         36.56"
"HDFCBANK","EQ","21-Jul-2020","       1133.05","       1152.05","       1157.95","       1134.00","       1139.90","       1138.55","       1142.37","   23757768","         27140071773.55","     281983","   14743934","         62.06"
"HDFCBANK","EQ","22-Jul-2020","       1138.55","       1138.50","       1144.50","       1117.55","       1128.00","       1126.35","       1124.94","   12359024","         13903126763.35","     189616","    5835878","         47.22"
"HDFCBANK","EQ","23-Jul-2020","       1126.35","       1125.00","       1143.90","       1116.25","       1129.80","       1130.40","       1133.04","   10074805","         11415185695.25","     179616","    3926642","         38.97"
"HDFCBANK","EQ","24-Jul-2020","       1130.40","       1122.90","       1122.90","       1101.25","       1120.00","       1119.10","       1112.21","    9799222","         10898804741.95","     166565","    2731880","         27.88"
"HDFCBANK","EQ","27-Jul-2020","       1119.10","       1099.85","       1103.00","       1075.35","       1079.95","       1079.50","       1084.25","   18985167","         20584576451.50","     312366","    9728035","         51.24"
"HDFCBANK","EQ","28-Jul-2020","       1079.50","       1079.00","       1094.40","       1059.50","       1084.70","       1086.65","       1080.90","   17798330","         19238296402.20","     311878","    8192969","         46.03"
"HDFCBANK","EQ","29-Jul-2020","       1086.65","       1081.00","       1088.50","       1055.55","       1065.00","       1064.60","       1072.25","   16796652","         18010253418.00","     303428","    8529553","         50.78"
"HDFCBANK","EQ","30-Jul-2020","       1064.60","       1074.00","       1083.65","       1046.70","       1050.45","       1050.65","       1064.47","   13478951","         14347987979.40","     251700","    5513933","         40.91"
"HDFCBANK","EQ","31-Jul-2020","       1050.65","       1057.70","       1057.70","       1020.05","       1033.25","       1032.80","       1031.43","   18865230","         19458084557.50","     325344","    8542845","         45.28"
"HDFCBANK","EQ","03-Aug-2020","       1032.80","       1025.95","       1026.95","        993.00","       1005.90","       1002.00","       1007.50","   15891781","         16011037011.45","     343632","    7578040","         47.69"
"HDFCBANK","EQ","04-Aug-2020","       1002.00","       1008.00","       1061.05","       1003.00","       1040.20","       1041.65","       1039.32","   30153418","         31339154328.15","     472527","    9249672","         30.68"
"HDFCBANK","EQ","05-Aug-2020","       1041.65","       1047.95","       1055.80","       1020.00","       1030.95","       1027.55","       1035.64","   16610696","         17202655726.05","     270414","    4369897","         26.31"
"HDFCBANK","EQ","06-Aug-2020","       1027.55","       1037.00","       1055.00","       1026.25","       1041.45","       1040.70","       1041.75","   16823558","         17525988624.40","     245766","    4443585","         26.41"
"HDFCBANK","EQ","07-Aug-2020","       1040.70","       1034.85","       1047.20","       1020.60","       1043.85","       1043.85","       1034.69","   12418816","         12849598351.00","     178249","    3386521","         27.27"
"HDFCBANK","EQ","10-Aug-2020","       1043.85","       1044.00","       1064.00","       1043.80","       1052.00","       1050.65","       1055.90","   11086465","         11706189103.00","     166247","    4678342","         42.20"
"HDFCBANK","EQ","11-Aug-2020","       1050.65","       1048.50","       1071.00","       1048.50","       1070.95","       1066.65","       1062.91","   10068150","         10701552832.20","     157609","    4013321","         39.86"
"HDFCBANK","EQ","12-Aug-2020","       1066.65","       1065.00","       1066.00","       1048.00","       1063.00","       1063.70","       1057.73","   10333222","         10929750519.45","     158659","    2929261","         28.35"
"HDFCBANK","EQ","13-Aug-2020","       1063.70","       1067.95","       1071.35","       1056.50","       1060.95","       1059.05","       1063.05","    9946370","         10573451442.80","     128692","    4863570","         48.90"
"HDFCBANK","EQ","14-Aug-2020","       1059.05","       1065.90","       1065.90","       1027.30","       1035.00","       1034.45","       1047.20","   10462350","         10956159018.35","     213350","    3850560","         36.80"
"HDFCBANK","EQ","17-Aug-2020","       1034.45","       1047.00","       1047.00","       1020.20","       1034.00","       1032.75","       1031.26","    9780591","         10086346720.35","     175355","    3980368","         40.70"
"HDFCBANK","EQ","18-Aug-2020","       1032.75","       1028.00","       1061.65","       1022.00","       1056.60","       1056.50","       1044.74","   12020562","         12558337618.40","     193067","    3570377","         29.70"
"HDFCBANK","EQ","19-Aug-2020","       1056.50","       1065.00","       1069.80","       1056.25","       1065.95","       1066.60","       1063.75","    8858056","          9422741414.60","     157562","    3705714","         41.83"
"HDFCBANK","EQ","20-Aug-2020","       1066.60","       1054.95","       1068.95","       1052.00","       1057.35","       1059.00","       1059.30","    9608591","         10178400071.80","     149244","    4173695","         43.44"
"HDFCBANK","EQ","21-Aug-2020","       1059.00","       1065.40","       1088.80","       1064.60","       1085.70","       1085.65","       1081.52","   14462237","         15641184568.60","     228261","    6064505","         41.93"
"HDFCBANK","EQ","24-Aug-2020","       1085.65","       1086.00","       1122.95","       1085.65","       1114.80","       1117.05","       1112.49","   18389929","         20458608459.75","     282003","    7781401","         42.31"
"HDFCBANK","EQ","25-Aug-2020","       1117.05","       1119.00","       1127.00","       1106.20","       1120.75","       1119.70","       1116.31","   13800972","         15406108014.20","     206191","    4584419","         33.22"
"HDFCBANK","EQ","26-Aug-2020","       1119.70","       1121.00","       1131.75","       1109.50","       1118.50","       1118.45","       1118.92","   12595131","         14092892254.10","     164529","    5444242","         43.22"
"HDFCBANK","EQ","27-Aug-2020","       1118.45","       1125.80","       1129.90","       1106.25","       1114.35","       1112.10","       1117.89","   10323015","         11540043391.20","     184107","    4676407","         45.30"
"HDFCBANK","EQ","28-Aug-2020","       1112.10","       1111.95","       1125.00","       1095.00","       1117.60","       1114.50","       1111.75","   19349069","         21511391001.70","     260599","    7038384","         36.38"
"HDFCBANK","EQ","31-Aug-2020","       1114.50","       1129.50","       1148.80","       1100.70","       1111.65","       1115.85","       1126.33","   19250721","         21682636226.80","     267840","    6487377","         33.70"
"HDFCBANK","EQ","01-Sep-2020","       1115.85","       1128.00","       1143.60","       1108.00","       1123.95","       1127.30","       1128.00","   14438949","         16287152244.45","     217329","    5250820","         36.37"
"HDFCBANK","EQ","02-Sep-2020","       1127.30","       1124.10","       1139.00","       1120.70","       1133.70","       1134.15","       1130.82","    9880855","         11173484461.95","     137409","    4567066","         46.22"
"HDFCBANK","EQ","03-Sep-2020","       1134.15","       1137.25","       1145.95","       1128.00","       1130.35","       1130.90","       1138.33","    9916701","         11288501148.90","     164687","    5260793","         53.05"
"HDFCBANK","EQ","04-Sep-2020","       1130.90","       1110.00","       1125.40","       1104.40","       1119.00","       1119.30","       1114.55","   11830686","         13185884649.25","     215475","    5210661","         44.04"
"HDFCBANK","EQ","07-Sep-2020","       1119.30","       1116.30","       1119.50","       1099.00","       1112.00","       1110.50","       1109.77","    8807764","          9774635499.85","     165759","    2718102","         30.86"
"HDFCBANK","EQ","08-Sep-2020","       1110.50","       1114.00","       1118.80","       1103.00","       1112.05","       1112.45","       1112.00","    7312460","          8131452200.70","     160085","    2466163","         33.73"
"HDFCBANK","EQ","09-Sep-2020","       1112.45","       1101.00","       1110.00","       1091.25","       1095.95","       1096.50","       1099.31","    7864545","          8645552641.80","     136765","    3232384","         41.10"
"HDFCBANK","EQ","10-Sep-2020","       1096.50","       1103.00","       1104.85","       1084.00","       1091.95","       1090.55","       1095.11","    7594209","          8316493920.50","     132365","    1804983","         23.77"
"HDFCBANK","EQ","11-Sep-2020","       1090.55","       1096.45","       1104.85","       1071.00","       1080.50","       1078.65","       1083.30","   10397545","         11263633320.80","     201271","    3835827","         36.89"
"HDFCBANK","EQ","14-Sep-2020","       1078.65","       1088.00","       1094.00","       1052.35","       1057.05","       1057.95","       1073.19","   10825874","         11618227245.70","     215379","    4580061","         42.31"
"HDFCBANK","EQ","15-Sep-2020","       1057.95","       1068.00","       1076.15","       1058.10","       1073.70","       1070.50","       1066.57","    8252566","          8801920567.75","     147079","    2743944","         33.25"
"HDFCBANK","EQ","16-Sep-2020","       1070.50","       1070.20","       1096.00","       1068.35","       1092.50","       1093.65","       1084.56","    9355126","         10146158177.20","     169907","    3577005","         38.24"
"HDFCBANK","EQ","17-Sep-2020","       1093.65","       1084.00","       1094.00","       1078.00","       1085.50","       1083.60","       1087.14","    9159413","          9957605566.05","     130623","    3060263","         33.41"
"HDFCBANK","EQ","18-Sep-2020","       1083.60","       1092.00","       1092.20","       1047.20","       1058.90","       1057.30","       1068.82","   11740889","         12548919022.40","     194150","    5051107","         43.02"
"HDFCBANK","EQ","21-Sep-2020","       1057.30","       1055.00","       1071.35","       1041.50","       1042.10","       1049.30","       1058.70","    9921439","         10503830354.45","     206109","    2978466","         30.02"
"HDFCBANK","EQ","22-Sep-2020","       1049.30","       1054.05","       1058.15","       1029.50","       1038.00","       1035.40","       1042.49","    9310339","          9705907839.55","     218683","    3226259","         34.65"
"HDFCBANK","EQ","23-Sep-2020","       1035.40","       1046.00","       1055.00","       1034.35","       1048.95","       1047.25","       1046.38","    8039935","          8412863750.95","     181416","    2446333","         30.43"
"HDFCBANK","EQ","24-Sep-2020","       1047.25","       1038.00","       1047.00","       1025.00","       1030.50","       1030.40","       1035.26","    9904895","         10254115892.95","     198189","    4695108","         47.40"
"HDFCBANK","EQ","25-Sep-2020","       1030.40","       1050.00","       1051.95","       1025.65","       1042.55","       1044.00","       1038.13","   10160775","         10548254280.00","     162790","    4128006","         40.63"
"HDFCBANK","EQ","28-Sep-2020","       1044.00","       1048.95","       1059.00","       1042.65","       1058.00","       1054.20","       1053.08","    8076211","          8504877498.60","     133937","    3908991","         48.40"
"HDFCBANK","EQ","29-Sep-2020","       1054.20","       1058.00","       1069.90","       1051.00","       1064.40","       1062.55","       1059.74","    6322274","          6699937414.90","     106799","    1803588","         28.53"
"HDFCBANK","EQ","30-Sep-2020","       1062.55","       1060.00","       1086.90","       1052.00","       1078.00","       1078.60","       1070.11","    9407038","         10066598890.80","     226805","    4038213","         42.93"
"HDFCBANK","EQ","01-Oct-2020","       1078.60","       1090.10","       1110.00","       1090.10","       1108.00","       1106.95","       1099.60","   10601566","         11657442720.45","     173095","    3061601","         28.88"
"HDFCBANK","EQ","05-Oct-2020","       1106.95","       1112.00","       1132.00","       1111.00","       1112.50","       1114.35","       1121.66","    8470109","          9500543768.35","     160877","    3030427","         35.78"
"HDFCBANK","EQ","06-Oct-2020","       1114.35","       1135.05","       1148.00","       1126.20","       1143.15","       1144.10","       1137.63","    9685997","         11019111125.30","     214476","    2624119","         27.09"
"HDFCBANK","EQ","07-Oct-2020","       1144.10","       1144.90","       1164.85","       1137.60","       1160.50","       1162.25","       1154.88","   10624527","         12270100197.00","     210164","    3580273","         33.70"
"HDFCBANK","EQ","08-Oct-2020","       1162.25","       1180.00","       1203.00","       1163.35","       1189.90","       1191.80","       1187.94","   17530368","         20825050397.45","     242763","    9001403","         51.35"
"HDFCBANK","EQ","09-Oct-2020","       1191.80","       1201.00","       1237.00","       1191.65","       1235.20","       1233.55","       1218.62","   22486215","         27402147398.55","     338324","    8314015","         36.97"
"HDFCBANK","EQ","12-Oct-2020","       1233.55","       1231.55","       1242.75","       1205.60","       1214.50","       1213.65","       1220.43","    9610277","         11728711136.65","     192519","    2412953","         25.11"
"HDFCBANK","EQ","13-Oct-2020","       1213.65","       1213.40","       1222.45","       1195.00","       1195.25","       1198.45","       1206.34","    9177015","         11070573513.50","     183515","    3940507","         42.94"
"HDFCBANK","EQ","14-Oct-2020","       1198.45","       1195.55","       1214.30","       1175.50","       1213.50","       1211.50","       1190.04","   11291473","         13437251785.95","     220645","    4716259","         41.77"
"HDFCBANK","EQ","15-Oct-2020","       1211.50","       1214.20","       1217.00","       1164.00","       1168.60","       1169.25","       1195.09","   14123569","         16878959918.70","     238649","    6426038","         45.50"
"HDFCBANK","EQ","16-Oct-2020","       1169.25","       1180.00","       1203.50","       1173.00","       1203.35","       1199.35","       1189.99","   12911559","         15364649993.60","     232163","    5757664","         44.59"
"HDFCBANK","EQ","19-Oct-2020","       1199.35","       1235.00","       1235.00","       1192.60","       1203.00","       1203.55","       1206.93","   21179884","         25562653004.00","     312856","    6298278","         29.74"
"HDFCBANK","EQ","20-Oct-2020","       1203.55","       1207.50","       1227.40","       1205.90","       1224.60","       1223.95","       1218.32","   13705994","         16698234148.05","     278115","    6665757","         48.63"
"HDFCBANK","EQ","21-Oct-2020","       1223.95","       1230.60","       1251.00","       1221.70","       1245.25","       1246.70","       1238.33","   17820565","         22067746473.40","     311963","    9474491","         53.17"
"HDFCBANK","EQ","22-Oct-2020","       1246.70","       1239.95","       1250.00","       1223.00","       1232.00","       1233.30","       1237.77","   10956548","         13561713112.70","     269781","    4980877","         45.46"
"HDFCBANK","EQ","23-Oct-2020","       1233.30","       1243.50","       1248.45","       1231.20","       1236.55","       1235.80","       1238.33","    7933126","          9823852876.90","     172764","    3893201","         49.08"
"HDFCBANK","EQ","26-Oct-2020","       1235.80","       1229.80","       1242.00","       1204.60","       1216.55","       1210.90","       1222.29","    9786023","         11961384155.70","     197782","    4286264","         43.80"
"HDFCBANK","EQ","27-Oct-2020","       1210.90","       1226.00","       1236.00","       1197.85","       1235.00","       1233.10","       1216.83","   12158922","         14795287654.70","     207342","    5566363","         45.78"
"HDFCBANK","EQ","28-Oct-2020","       1233.10","       1228.00","       1232.00","       1201.50","       1210.30","       1209.60","       1214.22","    8285625","         10060586819.90","     202965","    3816626","         46.06"
"HDFCBANK","EQ","29-Oct-2020","       1209.60","       1200.60","       1204.45","       1178.50","       1190.50","       1187.20","       1189.63","   11530152","         13716659781.80","     207330","    4599106","         39.89"
"HDFCBANK","EQ","30-Oct-2020","       1187.20","       1182.55","       1199.30","       1176.35","       1182.40","       1183.55","       1186.31","    5761470","          6834878663.65","     137766","    1417497","         24.60"
